min,d16_mu,d50_mu,d84_mu,solidity
1,17.62392977,26.40553426,40.58071585,0.836639556
2,18.67199705,26.15160045,38.60301114,0.8538952
3,19.39313256,27.55752426,37.96379462,0.89518178
4,17.89569569,24.78897366,32.67032133,0.893529291
5,18.42022912,25.66994199,35.51374629,0.888940991
6,18.42444192,26.26291322,40.79944018,0.891039379
7,19.1323085,27.47385574,38.34236375,0.894908257
8,17.96395709,25.84976863,35.62396112,0.893506361
9,19.40443504,26.4050999,40.28491399,0.890236634
10,19.43632054,28.77501848,42.39661607,0.888657722
11,19.29146596,27.98426547,37.11649881,0.88954914
12,18.59672666,27.97599628,42.82606445,0.890289153
13,19.19386643,30.99038109,45.89519594,0.891778832
14,18.00239895,26.22911373,46.02443501,0.88880201
15,18.7859593,26.65118788,36.90261194,0.88645
16,20.2213489,32.62797336,46.67956983,0.890173116
17,19.41976224,28.32064522,45.50683857,0.885726542
18,19.50537146,29.11878395,45.12203949,0.88868374
19,18.88870592,29.1938624,43.4410107,0.887761333
20,19.82495621,31.36583688,51.73644681,0.885140669
21,18.88122751,28.03192282,40.34648486,0.886203958
22,19.17096517,29.89134653,44.12845398,0.888140385
23,20.27864005,32.07397302,48.17605304,0.88929589
24,19.78651372,32.68302894,48.88887683,0.88522597
25,19.51962431,31.49231094,47.86515858,0.887542857
26,20.71317693,34.5963998,58.66285306,0.886883146
27,20.49616078,32.86890542,49.29070509,0.884471914
28,21.66977564,42.49621613,55.62135161,0.881498886
29,19.93846036,31.09549959,51.46324348,0.886409968
30,21.91133297,36.20221354,58.66712892,0.888352615
31,18.43812016,30.09246807,43.87413384,0.886602128
32,19.91250167,32.54924091,53.90371635,0.886026801
33,21.57647298,33.99814548,61.43513666,0.885779878
34,21.20632173,36.61972797,54.64383725,0.888167905
35,19.98858693,34.00710912,51.20630693,0.883031169
36,21.58406235,33.42486851,50.22888894,0.883323565
37,21.44457632,37.78086158,58.48444953,0.884174257
38,20.31977817,32.06574893,50.51314274,0.881376947
39,19.88968074,30.82991355,48.07306795,0.882057317
40,21.83669543,36.72670681,50.11709085,0.885079452
41,20.68187219,34.69438214,59.07528038,0.884609211
42,20.6545248,32.13015684,43.69041918,0.881259752
43,19.98108169,31.99781044,45.1387732,0.884615894
44,20.45396373,31.95908726,52.50757037,0.884415123
45,22.35123589,34.32488121,50.52955671,0.884080864
46,21.64445134,32.85360598,63.25858996,0.885286731
47,19.40200824,30.29578737,46.9209326,0.885725076
48,21.49687232,32.95388866,46.86385839,0.884597627
49,22.05960732,40.59876383,54.44798071,0.882976817
50,20.55448139,33.19770838,46.4311829,0.88201773
51,21.38251915,35.08810793,54.32662292,0.885448675
52,21.37156854,34.91018377,56.0494233,0.889286806
53,22.52052243,37.45203534,71.08454867,0.886134091
54,22.99595861,39.08803469,65.75353409,0.884765693
55,21.13296823,34.11567206,61.52317475,0.887733453
56,22.87374537,36.27165667,59.43606817,0.886807067
57,21.79163367,35.43471333,52.83393077,0.882271192
58,21.08918616,35.08782453,50.19418156,0.883720068
59,21.33473561,32.06016242,47.93005463,0.881497952
60,21.69550617,35.1137382,59.95849481,0.886632353
61,22.22387619,36.63809331,65.45251425,0.878159748
62,20.4683385,32.83989822,45.52131166,0.883587671
63,22.85112031,40.51618051,50.98834856,0.888262418
64,21.6897811,39.78992197,58.14674889,0.879100763
65,21.7897423,37.80026636,69.0998735,0.884099071
66,22.09471215,38.34101548,65.25352589,0.879819937
67,24.10432262,44.19396018,70.47873543,0.881354908
68,21.68554126,33.78596978,55.45119088,0.878784133
69,20.96269325,34.17390291,54.64041318,0.885028417
70,21.1588067,33.25916081,49.5171869,0.882877
71,22.7115167,42.24502891,69.45350654,0.883116667
72,20.31238307,31.9311051,57.88364063,0.883926502
73,22.06908607,33.4452852,48.11073977,0.880833333
74,21.5204796,36.08168923,59.55407626,0.881110954
75,20.67499168,35.57886858,53.31793538,0.884210075
76,21.55107961,35.54749061,56.43723156,0.886031046
77,20.36846282,35.00321793,57.30789945,0.878994371
78,22.19064812,35.12347821,54.44820268,0.882670684
79,23.90644163,39.92256397,63.43375846,0.883877397
80,20.68104253,33.27769552,48.65739812,0.883382246
81,22.19727939,34.73656066,57.2950079,0.880201645
82,22.21012983,37.36037651,60.42970341,0.878183784
83,21.21675654,37.21297665,52.60809367,0.884305455
84,23.87085796,42.49428436,67.62473716,0.877168121
85,22.78275353,35.63398422,51.5716156,0.881773109
86,21.74518411,34.28717191,46.12023564,0.877594052
87,21.52282526,33.76977661,48.66037848,0.876735769
88,23.11418192,36.81975536,57.32028914,0.88230728
89,21.5953028,36.19916985,56.38317605,0.881225769
90,22.8308678,40.63496693,61.11761476,0.884513433
91,20.80018292,31.12060645,45.90246723,0.880459302
92,21.05416965,34.83126714,50.3540103,0.882665965
93,21.57897031,33.14688392,49.15104576,0.878541975
94,21.2986532,33.07662908,55.14010081,0.88101032
95,23.50811268,41.55310018,62.90767569,0.881415649
96,22.7383919,35.88838411,50.75882999,0.882468379
97,22.08239476,36.09106724,61.30009919,0.877647751
98,22.0748048,34.52329509,54.40940208,0.883024696
99,20.69904737,32.63986996,56.25533546,0.878245608
100,20.41626175,36.30871718,52.4729013,0.885556504
101,21.15581051,37.02133128,52.97949061,0.884788851
102,23.14732213,40.0187961,58.66120894,0.87973861
103,22.14216679,38.53674444,61.62229121,0.885050379
104,20.8588103,34.32076687,52.27714381,0.881706024
105,23.48405216,39.41090386,67.33987718,0.881141007
106,22.25342702,37.98688421,51.13012455,0.881950593
107,21.15187348,34.61536612,50.52186061,0.879871984
108,21.3831301,37.87487793,55.11909562,0.88256773
109,20.62342395,33.16167044,55.47351917,0.88236044
110,21.17156728,38.79300731,60.46941784,0.879316854
111,22.29487353,38.15923944,60.65708365,0.880296842
112,22.05117114,34.26969742,52.51864061,0.882505769
113,20.95526025,32.55968206,42.99284642,0.881963934
114,19.45932566,28.92061803,40.61507629,0.880737874
115,21.25310473,34.814643,54.29577747,0.884410507
116,22.15524801,34.75175505,51.22796091,0.877379487
117,21.63747866,37.25750691,55.09414412,0.880373214
118,22.70078629,38.9810907,54.60288958,0.882654671
119,21.04388686,34.77616078,52.69943005,0.880131008
120,21.94143481,38.11557574,54.81273247,0.884351417
121,22.02362196,37.66171063,65.69411226,0.883804979
122,23.70031898,45.08226177,81.56936096,0.879727138
123,23.89009455,42.36160575,104.3739183,0.880891636
124,21.4150717,35.04057285,57.48005464,0.879724615
125,23.27781387,37.99667034,66.99589463,0.879106375
126,23.6963242,41.13026409,59.50563736,0.876268248
127,21.58888037,34.40508856,55.45666627,0.878237109
128,23.1718329,41.62429281,73.08146798,0.879338824
129,21.94424656,35.93929077,54.30472468,0.883481639
130,20.4859634,31.39945951,45.92622105,0.882461069
131,25.25535191,41.72440862,140.059847,0.88367004
132,21.97706781,35.94041994,52.72865869,0.884415
133,23.20620611,41.92790656,56.94418912,0.877928682
134,23.0905392,37.35383153,56.3404164,0.87849879
135,21.55699296,35.72206659,54.70940297,0.877321457
136,23.13487733,35.55424438,56.71807599,0.882462109
137,21.6938253,40.04856262,79.88561495,0.876453441
138,23.32297897,37.09196423,53.09855708,0.882537778
139,21.87693109,34.53276068,50.23570473,0.878773469
140,23.52106891,42.92304884,95.95439483,0.876667331
141,23.31767654,38.29225108,60.47179597,0.878566148
142,22.24503952,33.86692669,54.10343283,0.87936875
143,21.84015605,41.51485141,71.58737349,0.882739344
144,23.04287458,35.49373999,60.20140956,0.880129675
145,22.14509044,34.89514222,61.38844607,0.880714655
146,21.09915483,34.26906615,53.13291801,0.877582677
147,22.95972237,39.08005666,50.20123064,0.87963373
148,21.38354353,34.78422785,63.30807985,0.880997551
149,22.9691794,42.07214906,68.07331772,0.879848669
150,22.61396738,38.55630658,52.61214011,0.880308772
151,22.5091257,38.05705722,62.82432405,0.880828287
152,22.52654061,38.20207105,55.90258835,0.878486667
153,21.33833025,34.51485442,57.5179374,0.877027572
154,22.17216451,36.75499576,55.50056828,0.878662551
155,23.06903609,34.88205444,50.34861785,0.877809562
156,22.76229785,38.7622577,61.86312924,0.880601754
157,21.9368533,34.53670541,56.25602555,0.880761224
158,24.57691118,39.18418096,56.8623324,0.877714134
159,24.04176786,40.05658425,66.45915223,0.88298871
160,23.1832312,35.94013977,50.57152441,0.882157299
161,22.10802629,35.56355882,51.35202115,0.878417842
162,23.83630841,41.35643497,58.58539718,0.8847196
163,22.58873599,36.90909183,60.35218977,0.879983197
164,21.05989808,34.87703038,49.1269327,0.881739918
165,23.83586466,35.47466205,55.21913679,0.876922267
166,22.75999289,34.59947897,53.63888693,0.880656612
167,21.63285295,33.3913185,52.40269184,0.879389919
168,22.37253177,36.64525417,51.01799587,0.874708235
169,20.84515808,33.02574307,50.79938638,0.883016794
170,24.18785538,37.26555806,55.61902748,0.877418375
171,24.09086845,40.69652618,56.58624938,0.879873394
172,22.93150804,38.67882702,57.78653471,0.881246414
173,24.15668439,39.25885502,65.32272001,0.882710435
174,23.74737391,40.28618364,64.9826087,0.880106494
175,23.20007883,37.85306585,56.98736865,0.876474576
176,22.57102365,37.04153827,54.57729969,0.881360837
177,22.26225476,32.6761336,48.94173108,0.879475833
178,22.00890863,34.50119797,55.59632636,0.881969869
179,22.44227648,35.8930165,54.33303642,0.885554217
180,25.41216848,44.09608515,61.32453775,0.8839236
181,23.76614061,43.22254967,65.63869169,0.880341232
182,22.03914445,41.59644408,57.9605083,0.880141975
183,21.15032683,36.20477534,63.65028297,0.88140125
184,23.25958121,40.30323003,65.53660874,0.87876281
185,23.21690912,37.63970596,62.07138395,0.877789147
186,22.18891745,36.25679267,89.364103,0.882789669
187,22.29656849,40.52192124,66.40477337,0.879946371
188,26.70735318,46.04358702,68.49671841,0.884770722
189,21.20963373,36.69177571,45.14545129,0.872404688
190,23.80345123,48.36353756,97.86179628,0.883690873
191,21.12114013,33.91035923,47.95958772,0.875955738
192,23.57693151,41.41066048,64.91012624,0.874377941
193,22.31866788,40.94566721,59.91318963,0.885495023
194,21.11006752,33.49365163,52.6764817,0.881892
195,22.04113703,36.56360603,59.37887187,0.876791532
196,21.12593579,32.09246364,52.75517612,0.877778626
197,21.68587236,34.59023299,53.17691622,0.881504785
198,23.0349036,42.27067542,74.04232094,0.880286822
199,23.78419092,37.68984318,56.55748057,0.882208915
200,23.1492608,42.46995513,60.31695124,0.880749606
201,21.73084513,32.55605315,48.43302283,0.873115179
202,20.5124916,33.07051926,42.29900769,0.877509623
203,22.32036291,35.57735256,51.98967363,0.8803392
204,21.33706056,32.82337536,51.08928853,0.875832114
205,22.81000941,37.42752611,62.36273297,0.882624188
206,22.97077015,36.6293384,60.52139728,0.879783399
207,24.46051092,43.14283035,59.0057924,0.878114344
208,23.8201351,39.54622646,63.17008978,0.878121145
209,20.91574201,36.11914598,61.83169134,0.877416194
210,21.72578889,36.50061596,53.77229272,0.874678166
211,23.45472119,42.85624809,67.76208711,0.878486147
212,23.04409387,36.44210191,62.33080391,0.880782427
213,22.21789755,36.32504464,53.89983451,0.880634649
214,20.99025663,35.70477575,60.768205,0.875569038
215,21.04808728,31.8388212,53.03506586,0.877106015
216,26.68144341,42.28126818,60.44829856,0.887636538
217,24.20793428,41.11826798,58.13758937,0.87964186
218,22.39058548,37.98626532,69.7279651,0.879038182
219,23.49755072,46.98664929,70.61472322,0.876186555
220,21.19631678,33.34847473,50.34467868,0.875339608
221,21.37289583,37.50002447,61.60289898,0.881729365
222,22.95958338,42.04115019,56.73726251,0.880584411
223,22.44787366,37.01323269,56.82907652,0.877105118
224,22.99896811,41.27421666,69.72221447,0.87919177
225,21.66484443,32.81019939,49.62782237,0.87705155
226,19.84454624,33.63115648,49.20928562,0.876109057
227,21.8944406,35.16491873,64.10842937,0.87497668
228,21.57047988,33.06479434,56.35701588,0.879437218
229,21.28412028,33.09034703,45.57726342,0.881399216
230,21.53787304,32.29262802,61.16204537,0.886033468
231,21.23778738,34.52570091,52.30108293,0.878825692
232,22.01687338,39.33519555,66.39257391,0.879997266
233,23.82175138,38.87126033,52.89287959,0.883193651
234,21.83784734,35.22425359,57.02976907,0.8757375
235,22.27376768,36.00963507,53.60026242,0.877023077
236,21.17362722,32.43617296,51.35276734,0.875797468
237,21.89670005,37.62338051,51.92365901,0.879403292
238,21.02898289,32.63035578,45.78559691,0.878800851
239,26.3250602,43.97172945,79.55255827,0.882626423
240,20.69174375,30.52749504,43.53865493,0.879592149
241,22.62273656,40.80499334,62.82253975,0.879684151
242,22.47734353,33.34880819,50.0371286,0.878034109
243,22.93910762,34.42902316,51.06497899,0.877144082
244,21.62439886,38.28797069,68.87405857,0.878822174
245,22.72604291,34.91162997,52.63180639,0.878508861
246,22.67655942,38.44769529,56.96799991,0.881821875
247,21.87942567,36.1153904,59.80175451,0.879953226
248,21.15623839,32.33485492,45.56319519,0.874797845
249,20.34034402,30.62230509,46.15342468,0.877772381
250,23.09782586,40.97502249,61.9387364,0.878038866
251,23.0006511,38.23290067,69.52804042,0.874621154
252,22.94237148,38.34744517,56.35266768,0.872836364
253,24.52330902,45.76525479,65.32722393,0.877969027
254,23.03319701,34.48652274,48.30891995,0.878665502
255,22.76706603,36.64417581,63.75085507,0.880099099
256,21.03604303,32.60749328,47.2093415,0.8767064
257,23.60627158,42.07052812,59.18298422,0.877334921
258,25.35986522,43.23158065,62.34840752,0.871128571
259,21.40375201,37.02351551,60.36157146,0.877243523
260,21.72129964,36.08374979,65.53791907,0.878987747
261,23.96788655,41.70784973,63.67429024,0.873267073
262,21.13354544,33.40152618,44.91860185,0.876785593
263,22.03987671,33.8495991,50.10948451,0.883028696
264,21.28612864,31.79035178,43.73591088,0.877397414
265,23.64137351,41.98963644,80.2836086,0.876027556
266,21.77463015,32.89822364,48.95079029,0.874143644
267,22.10436881,37.31422733,60.33734057,0.874665574
268,21.12483026,34.558463,53.1421742,0.87618159
269,20.88596831,36.58846892,50.88191779,0.880137719
270,22.27762467,35.83005197,51.99242782,0.875480088
271,23.54887509,45.62885817,71.34320446,0.882801709
272,21.7057639,32.41530669,48.81298138,0.880025641
273,25.11504846,45.42656698,80.28015257,0.879803687
274,25.18840548,41.62958382,86.09164166,0.872816667
275,23.36877607,33.31066713,46.10270947,0.878817544
276,21.40266581,36.01390057,60.30621107,0.88532913
277,22.82611014,44.00822866,82.56360581,0.877172477
278,23.51056215,39.03319037,54.36863419,0.873867568
279,25.81047291,42.77182559,63.72828981,0.872830165
280,24.03795239,38.14956564,54.93676561,0.874186631
281,22.12721838,38.49414335,57.76328937,0.8790032
282,24.31366558,42.76835915,66.56593267,0.87999065
283,22.53424956,41.08934051,60.82922084,0.87285813
284,21.69688459,34.67072553,55.61163725,0.868915652
285,23.64671677,40.57143935,58.20124745,0.877721459
286,22.60469875,33.54343966,60.53644625,0.871556338
287,23.35503017,35.04796139,57.47194516,0.878056306
288,22.22763097,39.93271497,55.16046496,0.874359556
289,24.43240708,39.87307373,59.9689425,0.881405
290,21.37651815,36.99820807,71.97497292,0.876645455
291,23.07403662,36.57691935,53.96277292,0.878644915
292,21.23271516,35.39107023,49.20525247,0.877629018
293,23.2038003,41.77894483,58.19386123,0.877982096
294,24.61891118,44.19994613,66.69605996,0.874276923
295,23.69019597,41.30513698,67.86280595,0.877758371
296,23.36820176,40.78741704,61.85667837,0.87315619
297,24.06688055,50.58528436,61.69330522,0.871718298
298,23.4684318,39.25444846,58.24521367,0.872262996
299,22.69241243,42.0278505,60.75661793,0.876560538
300,26.35443798,44.06228162,66.17748928,0.876414414
301,21.17564891,34.1333774,47.48095325,0.871550467
302,25.00217109,47.8864911,65.9617894,0.877678855
303,22.63535498,39.83943611,63.35577538,0.874937037
304,23.91873833,39.00465264,62.00942058,0.879979812
305,23.30212519,38.9446583,55.63584657,0.876949099
306,21.36869464,35.82471328,51.33158135,0.875324424
307,26.87369371,54.10270636,86.73740418,0.882297297
308,23.70306228,40.08220163,60.49897469,0.879025
309,24.38585812,43.11388867,63.17812818,0.877070136
310,24.09489421,41.70286366,60.07082667,0.875112609
311,22.62055843,37.19965155,50.85130848,0.874393839
312,23.63571036,38.09796074,57.97728106,0.876952913
313,22.31040235,36.10509904,54.37679206,0.88200237
314,24.56830176,39.76227861,57.74650099,0.87498945
315,22.24341042,34.53555333,73.12667609,0.882097927
316,26.25541385,51.46421116,132.1132252,0.878000439
317,23.50917803,38.28252183,62.27745417,0.872000797
318,22.94487971,33.5427558,54.91453574,0.876656808
319,23.41861996,40.9958572,68.97983981,0.870109339
320,23.38820971,39.86652795,69.98641113,0.876001277
321,23.45446337,47.08302585,60.26666925,0.87455202
322,22.50992076,33.97791609,59.84868046,0.876708173
323,22.18540163,34.14012741,52.25589616,0.869615228
324,22.71544525,38.96241309,59.25868998,0.877256017
325,21.11300718,34.45809933,49.88220709,0.87200614
326,22.21696814,35.3751133,53.88410417,0.870532653
327,22.97742414,36.53928865,55.8134648,0.873479646
328,22.93150325,38.91950778,57.91350074,0.874689912
329,24.0495868,39.71478293,63.03952186,0.875693991
330,23.50347838,41.48545395,58.2989863,0.874660092
331,24.21824943,40.39200107,58.26886701,0.875602899
332,22.89398798,37.94821994,59.40705381,0.86961934
333,23.77228588,41.57154996,75.94345448,0.875984681
334,24.69771231,41.33571771,68.59815975,0.877306364
335,22.84533565,37.15711738,60.75532622,0.875731818
336,23.25185791,42.81910192,62.67343223,0.875617021
337,23.35512637,38.98800731,53.63419429,0.878875355
338,23.27638696,41.488547,57.08488989,0.87325865
339,24.43218559,38.60703849,62.20685202,0.87158326
340,22.28624926,34.66746006,50.58043011,0.869712931
341,21.80930293,35.06887596,49.67164394,0.870694024
342,22.98820927,36.99293683,89.63194708,0.876352652
343,22.02928078,36.80460843,70.3469004,0.878371064
344,21.14627951,36.96068688,52.86071408,0.872632669
345,40.46540261,229.0786728,244.8733629,0.881462241
346,22.24988743,35.73371585,50.47719462,0.880414027
347,25.11541854,43.14569872,63.91409675,0.876890717
348,22.60858194,37.20247019,62.33637081,0.871986161
349,24.43410016,37.32939736,53.46484108,0.875464646
350,23.07659834,37.96785717,61.58561803,0.8761553
351,23.9849836,37.43304846,74.27111493,0.869776106
352,25.23484253,41.56210343,63.08111799,0.875248402
353,37.94785064,198.9173598,215.345606,0.869367083
354,21.990933,36.74335122,54.82815012,0.857266825
355,24.35066006,44.0284425,82.68340324,0.876384163
356,24.37815735,41.5478725,54.00325296,0.871916667
357,21.84657389,34.91868045,49.83382666,0.871806311
358,25.60275147,43.20898716,62.61549252,0.867557143
359,22.94403144,38.15560839,60.88048661,0.874224561
360,21.79447341,37.43895888,58.52872027,0.876036916
361,24.09186203,43.23228111,95.77538984,0.8753152
362,23.65574243,38.89763911,53.58276622,0.869083105
363,25.39873707,43.37351106,67.64945833,0.871861735
364,28.56567378,50.79388244,68.31790736,0.876063134
365,24.52069201,43.62093769,103.7329102,0.875266355
366,23.62277581,41.11680881,60.91136891,0.87049148
367,22.86547624,36.38589345,53.49377991,0.878070588
368,28.31675222,56.33407349,78.79635917,0.873223789
369,26.48185135,44.39572477,71.91584221,0.875509135
370,24.83459445,42.3639771,75.55138773,0.874586239
371,23.44398772,40.22108821,54.46393456,0.872080296
372,24.23825419,41.50837129,67.83495682,0.872367619
373,22.14991587,36.06109416,52.78966129,0.878688235
374,23.54808642,42.53774904,60.28398796,0.876959361
375,21.95088759,34.11520831,48.7620009,0.869975122
376,22.40599919,36.07333434,51.35516821,0.870467965
377,24.34669276,39.12135199,58.0358822,0.867780973
378,23.95904498,42.98502244,60.86741577,0.869721182
379,24.67256902,39.24231483,59.93969585,0.871606009
380,25.08075359,40.97162626,59.48063964,0.870033663
381,22.2614858,34.53735693,84.34019168,0.873811255
382,27.97968035,42.33582982,61.46336238,0.876393088
383,24.99898855,42.22997453,81.33956415,0.867927232
384,23.84502022,40.49919974,63.50792617,0.872430348
385,22.95279451,39.8037471,63.11479047,0.878941627
386,23.52213209,41.32075835,66.26135846,0.8710869
387,25.84751132,45.08614873,66.16997857,0.874226214
388,26.05563589,45.89422805,77.91821416,0.872694712
389,22.41746889,37.96479767,70.88438405,0.8685
390,24.65587546,40.42294893,59.83259728,0.873817961
391,25.1141449,44.07714975,60.91476612,0.871224299
392,25.43324737,43.1319635,56.82872685,0.8748865
393,21.76998806,32.63286121,55.70619715,0.874800493
394,24.12689509,34.60654346,51.94388341,0.87318961
395,24.22433047,42.06990939,57.67207404,0.8696845
396,23.71873164,38.49702782,61.08557737,0.871443
397,22.21166944,40.21004409,52.12935982,0.870467172
398,25.24220059,43.96235121,62.48642078,0.872064732
399,24.43629527,37.81631015,58.32868294,0.871091133
400,25.37162597,43.7299734,68.64836228,0.874258824
401,22.61186154,38.63978684,58.20536083,0.865133047
402,24.14947221,37.25439385,61.83847385,0.87178216
403,21.70992661,33.57133859,50.8462712,0.866657075
404,25.53213933,45.53515032,62.72978938,0.877428019
405,25.57542748,48.27910429,69.83471239,0.873014851
406,26.8018414,49.30450689,77.58622757,0.876300957
407,24.01997141,37.4052266,57.65912507,0.877343269
408,23.85298393,41.37325689,64.68576804,0.873717489
409,25.22095729,39.81752912,59.14014136,0.870718137
410,27.40186837,46.03707016,67.11661123,0.865605213
411,24.73143285,39.72018734,56.10063262,0.868337186
412,25.03461233,40.18679383,58.1599866,0.876544498
413,23.70108415,35.70297938,56.60625367,0.871834653
414,23.55761335,38.55655867,57.8068062,0.877172811
415,23.54217826,38.42803297,59.49352121,0.868303057
416,26.69121376,41.41198102,67.16993047,0.872919457
417,25.76629365,43.32480425,69.48107963,0.864450739
418,25.62180058,36.96820569,69.98579325,0.867805854
419,23.6542438,39.20925393,56.3267374,0.86725445
420,23.40122715,40.54462199,58.304523,0.860910784
421,23.78715742,43.12314858,57.73690637,0.868564953
422,23.21752795,40.99034478,59.68212093,0.869371366
423,26.30257272,45.13421032,60.43343003,0.867927014
424,25.38108352,44.28043514,68.07415485,0.867546414
425,24.28817559,37.35635961,54.88114962,0.870026042
426,25.36862589,40.95344519,57.57572835,0.862667157
427,23.03343563,38.38319027,53.67828907,0.865599476
428,25.24974429,45.37956579,65.79623338,0.868530734
429,25.01620804,43.02556231,58.02747308,0.867327363
430,30.36739779,51.32942802,62.00973657,0.870584834
431,27.94925086,45.71300603,61.67146867,0.873219271
432,25.09209681,39.73413688,63.07962682,0.864626
433,24.80143594,40.93078839,71.43412291,0.869331776
434,24.53305853,37.86771077,55.26126015,0.869078641
435,26.0027242,40.9605098,66.22876011,0.870851269
436,25.08371079,40.01041606,65.43171843,0.86727772
437,26.92059347,42.76911677,60.63704826,0.864695939
438,27.80123384,48.00044786,69.33037765,0.870026984
439,25.99510902,43.80106261,63.74814997,0.872444022
440,24.42776964,36.96431721,52.86198777,0.871227962
441,26.37157734,42.64929799,68.52408904,0.869782692
442,22.07438905,37.66589928,52.01790526,0.864535122
443,24.33979198,44.20202171,72.28240366,0.868617155
444,27.79788293,43.73084387,57.63225929,0.868070642
445,24.78633245,38.87573188,67.2024015,0.862065327
446,27.16430569,46.54055846,64.14269583,0.871872596
447,25.33673803,39.25547861,60.78905683,0.867419251
448,24.67747385,40.10933116,56.86901518,0.862255615
449,25.23489343,46.74201569,65.16457025,0.870580435
450,25.7609535,38.39919961,52.09107669,0.86362
451,27.7978057,44.1676494,60.10774974,0.871312571
452,26.54190929,41.05658386,57.45752524,0.864057971
453,24.93851717,40.5540876,62.20621326,0.859334562
454,24.39995103,40.84421348,56.60387002,0.866701923
455,28.62493029,51.72780145,130.6944214,0.866411735
456,27.49333718,44.77446989,61.9073043,0.865588128
457,24.53901697,38.99705738,52.13864542,0.861389552
458,23.88981558,35.34348802,51.70996193,0.865544601
459,24.42984637,38.87737461,46.96007618,0.86957602
460,29.20258351,62.2870683,119.9918775,0.864474877
461,27.73778725,42.73166072,55.99928345,0.864096954
462,24.58243335,42.70170585,82.44000038,0.861452261
463,27.31254631,42.97261078,66.30789554,0.865494628
464,22.64034286,33.45272245,52.00506831,0.868517949
465,26.27134268,39.68219979,52.43223471,0.86948186
466,25.42044167,37.32341198,52.59720385,0.863795789
467,27.91048231,42.91721652,58.86930789,0.870245933
468,27.41677465,44.64577647,73.73243474,0.860808791
469,24.57766512,37.44885981,54.54753011,0.8688621
470,27.37432777,41.93730079,62.81845431,0.862507353
471,26.42866512,46.50797284,69.30547717,0.871736559
472,25.28182833,39.16905156,49.78569746,0.874894652
473,25.50119146,42.56259995,57.93560682,0.867919231
474,25.36221277,40.94139437,58.90677484,0.859886207
475,25.16159959,42.95753552,59.73506186,0.866252913
476,26.00726314,41.94114253,64.29073197,0.868233333
477,26.02993574,40.28547556,62.77082121,0.86660202
478,24.82464749,42.01885323,57.86212337,0.865455319
479,27.59480236,45.69787116,60.196386,0.864042623
480,26.16160839,43.02175548,63.03228066,0.868228431
481,24.29992228,38.79811036,52.27176632,0.869471101
482,26.35491072,39.19658929,76.27162988,0.865446117
483,26.79419562,43.30434592,56.23266461,0.862953488
484,25.48498947,40.49647768,66.24357596,0.86980101
485,27.71772306,43.63888479,62.1413417,0.867371429
486,25.79447751,41.77043528,55.41065827,0.859401042
487,27.51690159,44.52541955,69.16172937,0.860258794
488,27.485979,41.38456411,62.74938868,0.860965403
489,28.39226677,44.841358,59.39780996,0.859043981
490,30.32000362,44.03637935,68.77300751,0.867593048
491,28.38608912,42.01325363,57.12485309,0.858393011
492,25.31988569,37.63778073,53.04632957,0.855848259
493,26.08615314,41.27735415,53.43800516,0.868056667
494,27.93663833,45.40126843,61.56158262,0.8677305
495,28.37612799,42.70291909,59.44669474,0.8539055
496,27.97417963,42.42938195,67.88050236,0.858414595
497,29.73487972,45.80433838,62.24034981,0.859375463
498,26.84896956,46.37691233,62.41641537,0.865142925
499,27.11956253,43.23241776,57.14613855,0.861624299
500,29.8990727,47.5954731,73.81283255,0.8558465
501,27.64529634,43.91510589,60.86476419,0.861138693
502,28.10401177,44.36538167,66.92671298,0.855929381
503,31.50572705,48.63854723,65.84542779,0.862692632
504,24.89308508,36.90197212,48.8706764,0.858265079
505,28.86772487,48.62858435,67.73843759,0.858806699
506,26.21615277,41.35017785,53.96602137,0.852241063
507,26.96428274,42.73187249,60.13017138,0.855106373
508,25.30326591,39.63870673,53.55754213,0.862482422
509,26.92855306,39.71088433,62.34015721,0.860894298
510,28.36322867,45.42222121,64.3018653,0.861108491
511,27.75118561,43.74452758,63.33418847,0.859727941
512,30.13975037,51.28634111,66.40173147,0.854217961
513,27.2972832,44.41286931,60.19208084,0.854377128
514,30.07124914,44.86502687,63.23675519,0.859215578
515,26.50260989,39.99957006,54.75430005,0.863721925
516,27.66009902,42.08339514,59.73397555,0.851163291
517,28.23301898,45.30002598,66.18115909,0.860738863
518,28.61616068,43.32557365,74.35848727,0.854806829
519,31.45940139,46.25131637,61.46918139,0.85675023
520,29.5028622,43.04912633,62.76448081,0.853235349
521,30.24809289,42.97385952,64.15301058,0.851794595
522,28.9744645,45.42592974,61.95312223,0.858309135
523,29.24080609,45.57745209,59.6791755,0.853430918
524,28.76291846,42.7459676,65.71744011,0.854907143
525,29.60097222,43.64437127,58.1509722,0.8550375
526,30.53544173,44.12922139,67.47775402,0.847859804
527,28.50270777,42.89287911,59.43799468,0.848721078
528,29.17529771,45.60225023,61.97241261,0.859482828
529,28.09552269,41.95206192,56.83234706,0.845764055
530,29.80363481,43.51383893,60.73998232,0.858563514
531,31.27642036,46.00000186,68.40705269,0.847496569
532,29.97662596,45.84549824,60.14277728,0.851768342
533,29.15703101,45.43646157,78.25095085,0.855029282
534,28.81603704,42.86349495,55.9803806,0.853607692
535,29.21978447,40.80646984,56.95656214,0.856473272
536,30.27843364,49.49324651,74.48829403,0.853544059
537,28.58353509,41.24147784,57.84752879,0.849956075
538,31.16658384,46.67759279,58.93339444,0.850580631
539,32.33037129,52.50173286,73.8769543,0.847834171
540,29.79868204,44.31291342,65.66812972,0.840546
541,28.90724625,43.07162438,57.49044925,0.84240274
542,31.36006574,46.5703581,62.49178819,0.851296667
543,29.36728884,44.17554242,59.05733836,0.851848058
544,32.16699234,47.48640926,70.43139135,0.845649327
545,27.50811248,42.07016089,55.67866319,0.845668557
546,32.41161232,47.19607372,63.98160918,0.854122018
547,30.63644997,45.26092767,62.77933473,0.86038
548,30.6618749,44.3959455,55.41263396,0.843098558
549,28.38477202,42.53383082,55.53136418,0.84650796
550,30.30719305,43.3685228,65.90332736,0.840026339
551,31.17302834,45.40386108,55.74787983,0.852523415
552,32.26516105,46.87990564,60.87388064,0.844010577
553,31.35249914,48.36663579,64.78691901,0.841783117
554,33.07053825,49.21874899,64.27953225,0.845296347
555,31.84243,48.40445777,60.8669488,0.834914354
556,31.57282747,44.24055418,60.01292795,0.840963721
557,31.8648623,46.99674705,75.15532857,0.844591342
558,33.18513285,48.39982242,77.6491678,0.835878894
559,31.89824514,47.04835378,70.29598463,0.838175481
560,30.28336787,43.47487674,62.76546991,0.844668696
561,31.34707182,45.65343155,59.63361912,0.838769196
562,33.29979118,54.83688406,80.96494156,0.846586864
563,31.71566618,50.58311251,76.75716725,0.838261194
564,31.31564914,44.80476832,55.08498904,0.84011381
565,33.09371384,48.22245278,62.85590363,0.84584181
566,33.39518063,46.60549249,62.99513214,0.840992754
567,30.25414052,44.10400952,65.315383,0.835862255
568,32.05782067,43.57524529,57.56898501,0.845684305
569,29.38828193,43.14208572,52.92639698,0.8441801
570,30.59951069,44.96189379,62.64958339,0.838524797
571,33.31582379,49.08103941,75.90820203,0.844511814
572,35.97547971,52.47792423,66.20452474,0.838064679
573,31.09638379,43.03818178,64.12789629,0.83048209
574,32.36091546,43.78313696,60.36635121,0.845661333
575,30.7802796,41.60426137,54.31601456,0.833499512
576,33.79187798,51.27104026,77.85889995,0.838583682
577,36.06372991,48.49576196,64.205372,0.838771233
578,33.57481948,51.31585488,65.11396003,0.84353
579,32.53574717,47.79104881,66.40376974,0.836993953
580,33.64413861,48.01661882,62.43629582,0.840810526
581,33.24679527,48.7620444,66.66038948,0.834378866
582,32.92940685,46.4508405,61.82976367,0.841630472
583,34.11102531,46.65524007,55.61979204,0.833011765
584,33.00785554,48.74888098,63.88403063,0.829829687
585,32.66158148,45.22598995,54.32102331,0.828949138
586,33.33861551,48.69866989,66.41645343,0.834605909
587,34.55639855,48.65862962,64.28993035,0.832305652
588,35.51045965,53.29901326,67.41853672,0.828933803
589,37.03600366,50.29824979,72.19168181,0.822222072
590,33.74416391,47.52463537,66.27986602,0.825897115
591,35.67692537,53.28837854,70.73803082,0.831211588
592,34.60751015,48.01607668,70.78025293,0.828389238
593,34.18971757,45.59330519,62.09301566,0.823343111
594,35.54578611,52.20393448,73.20345591,0.832491597
595,35.37554285,50.51269256,66.29833072,0.826021577
596,35.13526271,45.05749022,56.16092278,0.821202128
597,33.85197849,47.61435533,58.60685726,0.815997845
598,33.17127631,47.87012037,60.26282327,0.821393798
599,33.66368798,46.99944007,62.02333465,0.830713913
600,35.23215798,49.99103676,65.30115436,0.834575943
601,35.57035249,48.40472217,72.52140759,0.820771921
602,35.19032054,48.35864129,63.87260518,0.817030579
603,38.22264651,52.94933398,71.78352555,0.824801408
604,36.38115755,53.28038242,68.20667694,0.824817992
605,33.864002,47.4943706,67.00092743,0.820564384
606,36.98673502,54.53220261,164.6728881,0.823456031
607,35.96553963,51.47633696,63.63705527,0.817451273
608,36.26663224,50.3651117,66.04269392,0.824006466
609,36.56063276,50.27694837,65.36032556,0.823954478
610,38.00701988,53.4243279,71.27776123,0.814999197
611,36.68830222,53.03079645,71.95430104,0.811779026
612,38.29218281,52.11527128,70.67407819,0.818168908
613,38.61175969,52.68172434,94.17340283,0.817682609
614,37.96435289,49.63001927,66.70674089,0.81241749
615,36.04919478,51.03810198,73.10586221,0.817788163
616,37.96002101,52.7036412,70.14962342,0.817605534
617,37.49740035,50.19241927,68.88958187,0.809283039
618,37.68266863,51.92156951,65.03774835,0.803582524
619,37.38593257,52.63951775,69.60543705,0.809840816
620,38.51310146,56.40852768,69.33075912,0.804692632
621,37.32633077,50.64544817,66.74378193,0.8036
622,38.87295609,52.84158431,69.05301681,0.804263975
623,38.66677534,52.87032949,70.93250335,0.800067692
624,39.0515702,51.04995142,67.6003018,0.796005629
625,40.84612484,55.12202973,71.63346624,0.797505941
626,39.17520118,54.53387039,72.29760947,0.799750314
627,39.59554018,52.48478143,67.80359655,0.801014483
628,40.16841081,56.20650433,73.42166498,0.800136827
629,40.18264032,53.97464291,68.89517588,0.795541274
630,41.48090157,55.21852009,67.85644276,0.797356932
631,41.34212136,54.51392044,67.28232251,0.795243291
632,41.69776189,55.59201666,69.51218872,0.797662185
633,41.67922214,57.16066438,77.10518453,0.795753825
634,40.76371684,53.48967686,69.78119995,0.797492556
635,41.75920563,55.70851153,72.90040157,0.794640049
636,42.23275543,56.52368126,75.11136911,0.79484774
637,42.83761841,56.26837343,74.47752834,0.796548042
638,42.60671556,55.33270794,76.4775727,0.788434694
639,42.02898314,56.51633167,77.56495521,0.789801266
640,41.88951562,56.23635987,72.43192463,0.791372727
641,42.10519972,56.28656222,70.67471865,0.788443602
642,43.86709127,57.83385655,76.8772548,0.790194843
643,43.67818623,57.13625196,72.23507563,0.788637471
644,44.50423867,57.93518658,75.36477995,0.792361809
645,43.66677595,57.93441122,78.59855404,0.78744386
646,44.11277359,57.72357141,72.80196321,0.789484633
647,44.0006499,57.60359941,74.12381864,0.7832625
648,44.67190941,58.5465535,76.47975713,0.790093973
649,42.85709647,57.48154033,73.05257964,0.784298582
650,43.62115828,57.94823433,76.13370083,0.793386047
651,42.80137632,56.31809522,74.83066195,0.786690393
652,43.38790695,58.54681216,77.19344375,0.784110191
653,43.99805191,59.53912828,76.2408821,0.787349899
654,45.13616422,59.56222481,74.43247569,0.794823782
655,46.41349648,62.17254567,78.90509012,0.787956103
656,44.78180154,59.58116474,81.3253219,0.786721786
657,45.18305361,59.13198564,74.63580551,0.790381744
658,45.19548749,60.92007473,79.32577865,0.78660021
659,44.84751222,57.87441585,73.87020322,0.7846016
660,43.7241973,59.47041527,78.6350613,0.789999391
661,44.86706668,60.85332878,82.93950562,0.790684449
662,43.58455666,58.37331619,82.02515804,0.782836759
663,44.5084241,58.2450718,74.16664351,0.788759
664,44.91972843,59.49311644,80.71135403,0.788476275
665,45.96151483,59.77628802,77.86739008,0.787052908
666,44.66790545,58.74597615,75.49345832,0.786426884
667,46.44614656,62.02327612,82.51810047,0.785591927
668,44.49813618,59.46930254,78.56474599,0.792620632
669,45.66140666,59.21099671,77.39029508,0.790119604
670,45.8530472,59.68694518,76.87306294,0.788663022
671,44.56640998,58.11067826,74.56125214,0.791729051
672,44.99210034,61.11159012,77.71948214,0.789525947
673,44.80190259,58.74322351,75.04435467,0.789827017
674,45.84517564,59.91415185,80.18130909,0.792907345
675,46.4147853,61.19747028,82.57163567,0.788766603
676,45.18844961,59.80358492,76.6326464,0.787385192
677,46.4257918,60.76689856,81.14047007,0.787672781
678,45.79379273,60.5427023,81.77533541,0.7901274
679,45.37946241,58.70243806,76.66711523,0.787231164
680,45.29833612,59.37139581,73.44943606,0.798036895
681,45.37359669,58.93755786,78.18168392,0.793898092
682,43.90301033,57.28782436,73.97687074,0.789113019
683,45.56137816,58.78071445,77.63867523,0.796545503
684,46.71719308,61.3540654,82.80280326,0.786248794
685,45.36455372,59.60438394,77.72808401,0.790465631
686,45.36330516,59.89878126,78.56727821,0.787174102
687,45.50079674,60.18223907,74.97392586,0.796095676
688,45.42818132,60.49951729,81.62890263,0.791626221
689,45.46469527,60.25146406,77.21321851,0.787441209
690,45.64002377,60.69000489,80.36390856,0.792072759
691,45.42143149,57.68611602,71.18503254,0.7882489
692,46.96278259,61.58736339,80.2894057,0.793957886
693,46.92690464,60.3917057,79.86832981,0.790395038
694,45.48564486,60.44114888,76.42333852,0.788601134
695,45.2552994,60.1766784,76.94948562,0.799685481
696,45.65174764,59.35683052,78.57242169,0.785270172
697,45.19289714,60.17374521,79.09042286,0.797095144
698,47.45775966,60.9566574,79.69512841,0.789776158
699,46.07475904,59.0592471,72.96757093,0.790574648
700,45.94791127,59.99144624,76.37109939,0.789548485
701,44.71942633,59.60926357,76.57444419,0.793559445
702,47.77004876,60.87958355,80.13034213,0.791452332
703,46.05215573,59.69394295,74.93406394,0.785740681
704,45.89323042,61.67737793,81.82504225,0.792774081
705,44.12284807,58.06333848,72.74744622,0.791008925
706,45.12766478,58.16874657,75.24149843,0.794568697
707,45.66482035,58.86918488,74.94443252,0.792612724
708,45.55261237,60.6425981,85.65628559,0.796656485
709,45.30033165,60.33561295,79.46751498,0.789413097
710,46.6943105,60.42525927,77.48699006,0.790291281
711,45.41888624,59.22165946,77.99775127,0.786640497
712,45.89695115,60.25770563,74.16275865,0.79355712
713,44.91954451,57.69326861,73.9045414,0.790258707
714,46.3765503,59.30702016,76.40648436,0.794455517
715,45.2373912,59.31930678,75.87728328,0.79659378
716,46.01387117,59.3329686,72.82084419,0.799375292
717,45.5806893,59.94834261,78.50569809,0.792900333
718,45.71159936,58.74857711,77.91471377,0.794324103
719,46.3491043,60.43507085,80.33823257,0.791601461
720,45.34369743,58.69143657,74.77454005,0.792847148
721,45.90849322,58.77160124,72.26418405,0.798286644
722,46.05865836,58.352611,77.27581268,0.792060791
723,46.52404234,60.56212294,77.61124997,0.791314234
724,46.23496983,60.98312089,76.17766311,0.793656298
725,45.80002666,59.29253875,77.04788412,0.791670328
726,44.90236282,58.16346695,80.37967449,0.797870634
727,45.37175069,59.22038422,75.46826039,0.796107792
728,47.62258492,61.97712919,80.11795342,0.7932
729,46.87512965,60.49029723,77.79732714,0.794335495
730,46.57976895,59.886806,78.21814198,0.790833791
731,46.61722691,62.2087319,80.67222469,0.795583673
732,45.61097183,58.53221208,75.92489913,0.795630494
733,46.79726939,60.70777214,78.72330409,0.79670936
734,46.92267426,60.88791722,76.21168013,0.793853068
735,46.18381488,59.49555598,79.12399576,0.787024185
736,46.63685299,59.94139073,77.04211557,0.795145051
737,45.88147163,60.48684893,77.99241627,0.79655569
738,47.2822745,61.17400409,79.34393141,0.793009532
739,45.66023727,58.60992636,74.51965876,0.794089119
740,46.01170088,59.50778075,76.06915857,0.79267023
741,46.02882029,60.1556809,76.23975666,0.791240385
742,45.91018966,59.42539833,76.54133102,0.797209076
743,45.88436312,58.66104567,75.95687045,0.796028092
744,46.13404832,58.42076546,76.50331213,0.79552973
745,46.18144665,59.69642408,78.54391003,0.79450302
746,45.32064776,56.96765926,71.89356825,0.795495603
747,46.52065038,60.99546129,79.31922141,0.796352978
748,46.23613733,61.57460397,76.53054638,0.791974042
749,46.81442968,60.71941933,76.88401374,0.791439901
750,45.57450808,59.01603676,75.74168364,0.793090123
751,47.33061121,60.88925354,78.36349516,0.793841436
752,45.85519082,57.66627286,72.13222454,0.791321014
753,20.94796089,25.72926666,31.36789873,0.798155911